id,brand,colorway,estimatedMarketValue,gender,image,links,name,releaseDate,releaseYear,retailPrice,silhouette,sku,story
ab1c6af9-908d-4584-8295-0e6f2211684b,Puma,Blue/Clyde Blue/Blue,270,men,"{'360': [], 'original': 'https://images.stockx.com/images/Puma-Clyde-Made-in-Japan-Blue-Blue-Japan-Navy .jpg?fit=fill&bg=FFFFFF&w=500&h=500&fm=webp&auto=compress&trim=color&q=90&dpr=2&updated_at=1704187809', 'small': 'https://images.stockx.com/images/Puma-Clyde-Made-in-Japan-Blue-Blue-Japan-Navy .jpg?fit=fill&bg=FFFFFF&w=375&h=375&fm=webp&auto=compress&trim=color&q=90&dpr=2&updated_at=1704187809', 'thumbnail': 'https://images.stockx.com/images/Puma-Clyde-Made-in-Japan-Blue-Blue-Japan-Navy .jpg?fit=fill&bg=FFFFFF&w=200&h=200&fm=webp&auto=compress&trim=color&q=90&dpr=2&updated_at=1704187809'}","{'stockX': 'https://stockx.com/puma-clyde-made-in-japan-blue-blue-japan-navy', 'goat': '', 'flightClub': '', 'stadiumGoods': ''}",Puma Clyde Made in Japan Blue Blue Japan Navy,2024-12-15,2024,270,Puma Clyde,395212-01,
fa3ae020-ad1e-48e1-8ecb-7a3c2188bdd4,Puma,Silver/Cool Light Grey,140,men,"{'360': [], 'original': 'https://image.goat.com/attachments/product_template_pictures/images/097/425/671/original/398270_01.png.png', 'small': 'https://image.goat.com/750/attachments/product_template_pictures/images/097/425/671/original/398270_01.png.png', 'thumbnail': 'https://image.goat.com/375/attachments/product_template_pictures/images/097/425/671/original/398270_01.png.png'}","{'stockX': '', 'goat': 'https://goat.com/sneakers/hajime-sorayama-x-spirex-silver-cool-light-grey-398270-01', 'flightClub': 'https://flightclub.com/hajime-sorayama-x-spirex-silver-cool-light-grey-398270-01', 'stadiumGoods': ''}",Hajime Sorayama x Spirex 'Silver Cool Light Grey',2024-02-10,2024,140,Spirex,398270-01,
1cdc6bf7-cca6-4ca5-b3d9-c5138fdc385e,Puma,Silver/Cool Light Grey,300,men,"{'360': [], 'original': 'https://image.goat.com/attachments/product_template_pictures/images/097/425/673/original/398272_01.png.png', 'small': 'https://image.goat.com/750/attachments/product_template_pictures/images/097/425/673/original/398272_01.png.png', 'thumbnail': 'https://image.goat.com/375/attachments/product_template_pictures/images/097/425/673/original/398272_01.png.png'}","{'stockX': '', 'goat': 'https://goat.com/sneakers/hajime-sorayama-x-palermo-silver-cool-light-grey-398272-01', 'flightClub': 'https://flightclub.com/hajime-sorayama-x-palermo-silver-cool-light-grey-398272-01', 'stadiumGoods': ''}",Hajime Sorayama x Palermo 'Silver Cool Light Grey',2024-02-03,2024,100,Palermo,398272-01,
4ec7fecb-2c26-4460-a35b-ef4a093f08d3,Puma,Putty/Prairie Tan,217,men,"{'360': [], 'original': 'https://image.goat.com/attachments/product_template_pictures/images/097/425/664/original/397375_01.png.png', 'small': 'https://image.goat.com/750/attachments/product_template_pictures/images/097/425/664/original/397375_01.png.png', 'thumbnail': 'https://image.goat.com/375/attachments/product_template_pictures/images/097/425/664/original/397375_01.png.png'}","{'stockX': '', 'goat': 'https://goat.com/sneakers/spirex-premium-putty-prairie-tan-397375-01', 'flightClub': 'https://flightclub.com/spirex-premium-putty-prairie-tan-397375-01', 'stadiumGoods': ''}",Spirex Premium 'Putty Prairie Tan',2024-02-03,2024,150,Spirex,397375-01,
79f3b1e4-65cd-425d-a6d5-28f03fbb3e99,Puma,Lilac Chiffon/Aqua,180,men,"{'360': [], 'original': 'https://image.goat.com/attachments/product_template_pictures/images/097/133/860/original/309755_01.png.png', 'small': 'https://image.goat.com/750/attachments/product_template_pictures/images/097/133/860/original/309755_01.png.png', 'thumbnail': 'https://image.goat.com/375/attachments/product_template_pictures/images/097/133/860/original/309755_01.png.png'}","{'stockX': '', 'goat': 'https://goat.com/sneakers/mb-01-iridescent-309755-01', 'flightClub': 'https://flightclub.com/mb-01-iridescent-309755-01', 'stadiumGoods': ''}",MB.01 'Iridescent',2024-02-02,2024,140,MB.01,309755-01,
1edb4f2e-f0b4-4aee-8c7d-b100872c8a70,Puma,Bright Aqua/Ravish,198,men,"{'360': [], 'original': 'https://image.goat.com/attachments/product_template_pictures/images/096/891/009/original/309837_02.png.png', 'small': 'https://image.goat.com/750/attachments/product_template_pictures/images/096/891/009/original/309837_02.png.png', 'thumbnail': 'https://image.goat.com/375/attachments/product_template_pictures/images/096/891/009/original/309837_02.png.png'}","{'stockX': '', 'goat': 'https://goat.com/sneakers/scoot-zeros-northern-lights-309837-02', 'flightClub': 'https://flightclub.com/scoot-zeros-northern-lights-309837-02', 'stadiumGoods': ''}",Scoot Zeros 'Northern Lights',2024-02-01,2024,100,Scoot Zeros,309837-02,
31cc2f86-5e8a-471d-8e51-e601c50de7ac,Puma,Chestnut Brown/Peach Smoothie/Frosted Ivory,85,men,"{'360': [], 'original': 'https://image.goat.com/attachments/product_template_pictures/images/097/425/668/original/397648_14.png.png', 'small': 'https://image.goat.com/750/attachments/product_template_pictures/images/097/425/668/original/397648_14.png.png', 'thumbnail': 'https://image.goat.com/375/attachments/product_template_pictures/images/097/425/668/original/397648_14.png.png'}","{'stockX': '', 'goat': 'https://goat.com/sneakers/suede-xl-chestnut-brown-peach-smoothie-397648-14', 'flightClub': 'https://flightclub.com/suede-xl-chestnut-brown-peach-smoothie-397648-14', 'stadiumGoods': ''}",Suede XL 'Chestnut Brown Peach Smoothie',2024-02-01,2024,85,Suede,397648-14,
3c86cea9-1c3e-4ad9-8100-353bdb6073fa,Puma,Rose Quartz/Yellow Sizzle/Frozen Grape,140,women,"{'360': [], 'original': 'https://image.goat.com/attachments/product_template_pictures/images/097/425/579/original/379570_02.png.png', 'small': 'https://image.goat.com/750/attachments/product_template_pictures/images/097/425/579/original/379570_02.png.png', 'thumbnail': 'https://image.goat.com/375/attachments/product_template_pictures/images/097/425/579/original/379570_02.png.png'}","{'stockX': '', 'goat': 'https://goat.com/sneakers/lemlem-x-wmns-pwr-xx-nitro-squared-rose-quartz-frozen-grape-379570-02', 'flightClub': 'https://flightclub.com/lemlem-x-wmns-pwr-xx-nitro-squared-rose-quartz-frozen-grape-379570-02', 'stadiumGoods': ''}",lemlem x Wmns PWR XX Nitro Squared 'Rose Quartz Frozen Grape',2024-02-01,2024,140,PWR XX Nitro,379570-02,
72cf6b6b-6551-4e0a-8339-7d1be840db89,Puma,Brown Mushroom/Ginger Tea,117,men,"{'360': [], 'original': 'https://image.goat.com/attachments/product_template_pictures/images/096/962/337/original/396463_03.png.png', 'small': 'https://image.goat.com/750/attachments/product_template_pictures/images/096/962/337/original/396463_03.png.png', 'thumbnail': 'https://image.goat.com/375/attachments/product_template_pictures/images/096/962/337/original/396463_03.png.png'}","{'stockX': '', 'goat': 'https://goat.com/sneakers/palermo-brown-mushroom-ginger-tea-396463-03', 'flightClub': 'https://flightclub.com/palermo-brown-mushroom-ginger-tea-396463-03', 'stadiumGoods': ''}",Palermo 'Brown Mushroom Ginger Tea',2024-02-01,2024,90,Palermo,396463-03,
8404a45e-e652-4b67-ba28-6f322c717794,Puma,Future Pink/Warm White,85,men,"{'360': [], 'original': 'https://image.goat.com/attachments/product_template_pictures/images/097/425/666/original/397648_11.png.png', 'small': 'https://image.goat.com/750/attachments/product_template_pictures/images/097/425/666/original/397648_11.png.png', 'thumbnail': 'https://image.goat.com/375/attachments/product_template_pictures/images/097/425/666/original/397648_11.png.png'}","{'stockX': '', 'goat': 'https://goat.com/sneakers/suede-xl-future-pink-397648-11', 'flightClub': 'https://flightclub.com/suede-xl-future-pink-397648-11', 'stadiumGoods': ''}",Suede XL 'Future Pink',2024-02-01,2024,85,Suede,397648-11,
8982d53a-c699-4c9e-9e65-13ef9dc6338c,Puma,Cayenne Pepper/Rose Quartz/Icy Blue,160,women,"{'360': [], 'original': 'https://image.goat.com/attachments/product_template_pictures/images/097/425/570/original/309792_01.png.png', 'small': 'https://image.goat.com/750/attachments/product_template_pictures/images/097/425/570/original/309792_01.png.png', 'thumbnail': 'https://image.goat.com/375/attachments/product_template_pictures/images/097/425/570/original/309792_01.png.png'}","{'stockX': '', 'goat': 'https://goat.com/sneakers/lemlem-x-wmns-foreverrun-nitro-cayenne-pepper-309792-01', 'flightClub': 'https://flightclub.com/lemlem-x-wmns-foreverrun-nitro-cayenne-pepper-309792-01', 'stadiumGoods': ''}",lemlem x Wmns ForeverRun Nitro 'Cayenne Pepper',2024-02-01,2024,160,ForeverRun Nitro,309792-01,
915760c7-a195-4321-81d9-17c9cfd65741,Puma,Icy Blue/Cayenne Pepper,100,women,"{'360': [], 'original': 'https://image.goat.com/attachments/product_template_pictures/images/097/425/660/original/396629_01.png.png', 'small': 'https://image.goat.com/750/attachments/product_template_pictures/images/097/425/660/original/396629_01.png.png', 'thumbnail': 'https://image.goat.com/375/attachments/product_template_pictures/images/097/425/660/original/396629_01.png.png'}","{'stockX': '', 'goat': 'https://goat.com/sneakers/lemlem-x-wmns-suede-mid-icy-blue-cayenne-pepper-396629-01', 'flightClub': 'https://flightclub.com/lemlem-x-wmns-suede-mid-icy-blue-cayenne-pepper-396629-01', 'stadiumGoods': ''}",lemlem x Wmns Suede Mid 'Icy Blue Cayenne Pepper',2024-02-01,2024,100,Suede,396629-01,
925b32b0-7595-4536-a948-9305a391c04d,Puma,Black/Lime Pow/White,274,men,"{'360': [], 'original': 'https://image.goat.com/attachments/product_template_pictures/images/096/962/336/original/380076_01.png.png', 'small': 'https://image.goat.com/750/attachments/product_template_pictures/images/096/962/336/original/380076_01.png.png', 'thumbnail': 'https://image.goat.com/375/attachments/product_template_pictures/images/096/962/336/original/380076_01.png.png'}","{'stockX': '', 'goat': 'https://goat.com/sneakers/deviate-nitro-2-black-lime-pow-380076-01', 'flightClub': 'https://flightclub.com/deviate-nitro-2-black-lime-pow-380076-01', 'stadiumGoods': ''}",Deviate Nitro 2 'Black Lime Pow',2024-02-01,2024,160,Deviate Nitro,380076-01,
bfb9d57a-808e-4835-a6ad-b2d9eb9528d9,Puma,White/Pop Red,120,men,"{'360': [], 'original': 'https://image.goat.com/attachments/product_template_pictures/images/097/425/569/original/308279_02.png.png', 'small': 'https://image.goat.com/750/attachments/product_template_pictures/images/097/425/569/original/308279_02.png.png', 'thumbnail': 'https://image.goat.com/375/attachments/product_template_pictures/images/097/425/569/original/308279_02.png.png'}","{'stockX': '', 'goat': 'https://goat.com/sneakers/formula-1-x-ca-pro-white-pop-red-308279-02', 'flightClub': '', 'stadiumGoods': ''}",Formula 1 x CA Pro 'White Pop Red',2024-02-01,2024,120,CA Pro,308279-02,
151aacc6-e9bc-40f7-9aca-119460382c05,Puma,Black/Shadow Grey,65,youth,"{'360': [], 'original': 'https://image.goat.com/attachments/product_template_pictures/images/097/425/639/original/394727_02.png.png', 'small': 'https://image.goat.com/750/attachments/product_template_pictures/images/097/425/639/original/394727_02.png.png', 'thumbnail': 'https://image.goat.com/375/attachments/product_template_pictures/images/097/425/639/original/394727_02.png.png'}","{'stockX': '', 'goat': 'https://goat.com/sneakers/blacktop-rider-leather-little-kid-black-shadow-grey-394727-02', 'flightClub': 'https://flightclub.com/blacktop-rider-leather-little-kid-black-shadow-grey-394727-02', 'stadiumGoods': ''}",Blacktop Rider Leather Little Kid 'Black Shadow Grey',2024-01-23,2024,65,Blacktop Rider,394727-02,
78d8a1e2-7b00-4b3b-8bd0-7e28984b2ca6,Puma,Black/Pink Lilac,75,youth,"{'360': [], 'original': 'https://image.goat.com/attachments/product_template_pictures/images/097/425/612/original/385696_10.png.png', 'small': 'https://image.goat.com/750/attachments/product_template_pictures/images/097/425/612/original/385696_10.png.png', 'thumbnail': 'https://image.goat.com/375/attachments/product_template_pictures/images/097/425/612/original/385696_10.png.png'}","{'stockX': '', 'goat': 'https://goat.com/sneakers/mayze-jr-wild-pink-lilac-leopard-385696-10', 'flightClub': 'https://flightclub.com/mayze-jr-wild-pink-lilac-leopard-385696-10', 'stadiumGoods': ''}",Mayze Jr 'Wild - Pink Lilac Leopard',2024-01-23,2024,75,Mayze,385696-10,
b6c8a54b-7d38-48a2-a6bf-bd860465fcae,Puma,White/Black/Poison Pink,90,women,"{'360': [], 'original': 'https://image.goat.com/attachments/product_template_pictures/images/097/425/542/original/107716_01.png.png', 'small': 'https://image.goat.com/750/attachments/product_template_pictures/images/097/425/542/original/107716_01.png.png', 'thumbnail': 'https://image.goat.com/375/attachments/product_template_pictures/images/097/425/542/original/107716_01.png.png'}","{'stockX': '', 'goat': 'https://goat.com/sneakers/wmns-future-match-7-fg-ag-phenomenal-pack-107716-01', 'flightClub': 'https://flightclub.com/wmns-future-match-7-fg-ag-phenomenal-pack-107716-01', 'stadiumGoods': ''}",Wmns Future Match 7 FG AG 'Phenomenal Pack',2024-01-22,2024,90,Future Match,107716-01,
66762e54-e082-412e-805e-68dcace8337d,Puma,Poison Pink/White/Black,110,youth,"{'360': [], 'original': 'https://image.goat.com/attachments/product_template_pictures/images/097/425/546/original/107769_01.png.png', 'small': 'https://image.goat.com/750/attachments/product_template_pictures/images/097/425/546/original/107769_01.png.png', 'thumbnail': 'https://image.goat.com/375/attachments/product_template_pictures/images/097/425/546/original/107769_01.png.png'}","{'stockX': '', 'goat': 'https://goat.com/sneakers/ultra-pro-fg-ag-big-kid-phenomenal-pack-107769-01', 'flightClub': 'https://flightclub.com/ultra-pro-fg-ag-big-kid-phenomenal-pack-107769-01', 'stadiumGoods': ''}",Ultra Pro FG AG Big Kid 'Phenomenal Pack',2024-01-21,2024,110,Puma Ultra Pro,107769-01,
e1954b05-684e-41ba-a66b-41f58ebd973e,Puma,White/Black/Poison Pink,140,men,"{'360': [], 'original': 'https://image.goat.com/attachments/product_template_pictures/images/097/425/540/original/107707_01.png.png', 'small': 'https://image.goat.com/750/attachments/product_template_pictures/images/097/425/540/original/107707_01.png.png', 'thumbnail': 'https://image.goat.com/375/attachments/product_template_pictures/images/097/425/540/original/107707_01.png.png'}","{'stockX': '', 'goat': 'https://goat.com/sneakers/future-pro-7-fg-ag-phenomenal-pack-107707-01', 'flightClub': 'https://flightclub.com/future-pro-7-fg-ag-phenomenal-pack-107707-01', 'stadiumGoods': ''}",Future Pro 7 FG AG 'Phenomenal Pack',2024-01-20,2024,140,Future Pro,107707-01,
425f5873-965f-4d61-9379-30ccfec3f33e,Puma,White/Poison Pink/Black,65,men,"{'360': [], 'original': 'https://image.goat.com/attachments/product_template_pictures/images/097/213/169/original/395417_02.png.png', 'small': 'https://image.goat.com/750/attachments/product_template_pictures/images/097/213/169/original/395417_02.png.png', 'thumbnail': 'https://image.goat.com/375/attachments/product_template_pictures/images/097/213/169/original/395417_02.png.png'}","{'stockX': '', 'goat': 'https://goat.com/sneakers/dream-nitro-future-ultimate-slide-paris-games-395417-02', 'flightClub': 'https://flightclub.com/dream-nitro-future-ultimate-slide-paris-games-395417-02', 'stadiumGoods': ''}",Dream Nitro Future Ultimate Slide 'Paris Games',2024-01-17,2024,65,Dream Nitro Slide,395417-02,
51ab8d31-f153-4978-b0f3-718a49cb0386,Puma,White/Black/Poison Pink,75,youth,"{'360': [], 'original': 'https://image.goat.com/attachments/product_template_pictures/images/097/425/544/original/107729_01.png.png', 'small': 'https://image.goat.com/750/attachments/product_template_pictures/images/097/425/544/original/107729_01.png.png', 'thumbnail': 'https://image.goat.com/375/attachments/product_template_pictures/images/097/425/544/original/107729_01.png.png'}","{'stockX': '', 'goat': 'https://goat.com/sneakers/future-match-7-fg-ag-big-kid-phenomenal-pack-107729-01', 'flightClub': 'https://flightclub.com/future-match-7-fg-ag-big-kid-phenomenal-pack-107729-01', 'stadiumGoods': ''}",Future Match 7 FG AG Big Kid 'Phenomenal Pack',2024-01-17,2024,75,Future Match,107729-01,
7592f52b-09be-4446-b57a-bcb546ca5c76,Puma,Electric Lime/Black/Poison Pink,332,men,"{'360': [], 'original': 'https://image.goat.com/attachments/product_template_pictures/images/097/213/106/original/107563_06.png.png', 'small': 'https://image.goat.com/750/attachments/product_template_pictures/images/097/213/106/original/107563_06.png.png', 'thumbnail': 'https://image.goat.com/375/attachments/product_template_pictures/images/097/213/106/original/107563_06.png.png'}","{'stockX': '', 'goat': 'https://goat.com/sneakers/king-ultimate-fg-ag-phenomenal-pack-107563-06', 'flightClub': 'https://flightclub.com/king-ultimate-fg-ag-phenomenal-pack-107563-06', 'stadiumGoods': ''}",King Ultimate FG AG 'Phenomenal Pack',2024-01-17,2024,200,King Ultimate,107563-06,
dfbe6cd2-82b5-42f4-aeb6-b7be54251603,Puma,Astro Red/Fire Orchid/Black,160,women,"{'360': [], 'original': 'https://image.goat.com/attachments/product_template_pictures/images/097/425/576/original/377839_02.png.png', 'small': 'https://image.goat.com/750/attachments/product_template_pictures/images/097/425/576/original/377839_02.png.png', 'thumbnail': 'https://image.goat.com/375/attachments/product_template_pictures/images/097/425/576/original/377839_02.png.png'}","{'stockX': '', 'goat': 'https://goat.com/sneakers/wmns-voyage-nitro-3-gore-tex-seasons-fire-orchid-377839-02', 'flightClub': 'https://flightclub.com/wmns-voyage-nitro-3-gore-tex-seasons-fire-orchid-377839-02', 'stadiumGoods': ''}",Wmns Voyage Nitro 3 GORE-TEX 'Seasons - Fire Orchid',2024-01-17,2024,160,Voyage Nitro,377839-02,
e7af3ee1-fbe6-44c3-a6ec-d449087d84a0,Puma,Black/White/Gold,194,men,"{'360': [], 'original': 'https://image.goat.com/attachments/product_template_pictures/images/097/213/105/original/107349_01.png.png', 'small': 'https://image.goat.com/750/attachments/product_template_pictures/images/097/213/105/original/107349_01.png.png', 'thumbnail': 'https://image.goat.com/375/attachments/product_template_pictures/images/097/213/105/original/107349_01.png.png'}","{'stockX': '', 'goat': 'https://goat.com/sneakers/king-top-it-black-white-gum-107349-01', 'flightClub': 'https://flightclub.com/king-top-it-black-white-gum-107349-01', 'stadiumGoods': ''}",King Top IT 'Black White Gum',2024-01-17,2024,90,King Top,107349-01,
f749c657-962d-4d08-9bf9-349850ef0418,Puma,White/Club Red,65,youth,"{'360': [], 'original': 'https://image.goat.com/attachments/product_template_pictures/images/097/425/607/original/382277_20.png.png', 'small': 'https://image.goat.com/750/attachments/product_template_pictures/images/097/425/607/original/382277_20.png.png', 'thumbnail': 'https://image.goat.com/375/attachments/product_template_pictures/images/097/425/607/original/382277_20.png.png'}","{'stockX': '', 'goat': 'https://goat.com/sneakers/ca-pro-classic-big-kid-white-club-red-382277-20', 'flightClub': 'https://flightclub.com/ca-pro-classic-big-kid-white-club-red-382277-20', 'stadiumGoods': ''}",CA Pro Classic Big Kid 'White Club Red',2024-01-17,2024,65,CA Pro,382277-20,
264987be-18a4-4c3f-86c4-ccee0c23f9ae,Puma,Olive Oil/Black,219,men,"{'360': [], 'original': 'https://image.goat.com/attachments/product_template_pictures/images/096/964/471/original/397330_01.png.png', 'small': 'https://image.goat.com/750/attachments/product_template_pictures/images/096/964/471/original/397330_01.png.png', 'thumbnail': 'https://image.goat.com/375/attachments/product_template_pictures/images/096/964/471/original/397330_01.png.png'}","{'stockX': '', 'goat': 'https://goat.com/sneakers/mostro-og-olive-oil-397330-01', 'flightClub': 'https://flightclub.com/mostro-og-olive-oil-397330-01', 'stadiumGoods': ''}",Mostro OG 'Olive Oil',2024-01-13,2024,159,Mostro,397330-01,
cb9245a2-3d5a-4e45-aa96-5cf8e664522e,Puma,Cool Light Grey/Cool Dark Grey,224,men,"{'360': [], 'original': 'https://image.goat.com/attachments/product_template_pictures/images/096/964/472/original/397330_02.png.png', 'small': 'https://image.goat.com/750/attachments/product_template_pictures/images/096/964/472/original/397330_02.png.png', 'thumbnail': 'https://image.goat.com/375/attachments/product_template_pictures/images/096/964/472/original/397330_02.png.png'}","{'stockX': '', 'goat': 'https://goat.com/sneakers/mostro-og-cool-light-grey-397330-02', 'flightClub': 'https://flightclub.com/mostro-og-cool-light-grey-397330-02', 'stadiumGoods': ''}",Mostro OG 'Cool Light Grey',2024-01-13,2024,159,Mostro,397330-02,
0096d8f4-9ec0-446d-a36a-f1dd1376f912,Puma,Gold/Fluro Peach,115,men,"{'360': [], 'original': 'https://image.goat.com/attachments/product_template_pictures/images/096/421/260/original/309716_01.png.png', 'small': 'https://image.goat.com/750/attachments/product_template_pictures/images/096/421/260/original/309716_01.png.png', 'thumbnail': 'https://image.goat.com/375/attachments/product_template_pictures/images/096/421/260/original/309716_01.png.png'}","{'stockX': '', 'goat': 'https://goat.com/sneakers/mb-03-cny-309716-01', 'flightClub': 'https://flightclub.com/mb-03-cny-309716-01', 'stadiumGoods': ''}",MB.03 'Chinese New Year',2024-01-12,2024,125,MB.03,309716-01,
754d71ee-3ede-4d86-ab25-1318d80e1afb,Puma,Gold/Fluro Peach,137,youth,"{'360': [], 'original': 'https://image.goat.com/attachments/product_template_pictures/images/096/650/689/original/309714_01.png.png', 'small': 'https://image.goat.com/750/attachments/product_template_pictures/images/096/650/689/original/309714_01.png.png', 'thumbnail': 'https://image.goat.com/375/attachments/product_template_pictures/images/096/650/689/original/309714_01.png.png'}","{'stockX': '', 'goat': 'https://goat.com/sneakers/mb-03-jr-cny-309714-01', 'flightClub': 'https://flightclub.com/mb-03-jr-cny-309714-01', 'stadiumGoods': ''}",MB.03 Jr 'Chinese New Year',2024-01-12,2024,105,MB.03,309714-01,
767f2afd-e6f6-431f-8998-6a411b35455b,Puma,Rose Gold/Orange Alert,184,men,"{'360': [], 'original': 'https://image.goat.com/attachments/product_template_pictures/images/096/891/013/original/379967_01.png.png', 'small': 'https://image.goat.com/750/attachments/product_template_pictures/images/096/891/013/original/379967_01.png.png', 'thumbnail': 'https://image.goat.com/375/attachments/product_template_pictures/images/096/891/013/original/379967_01.png.png'}","{'stockX': '', 'goat': 'https://goat.com/sneakers/all-pro-nitro-chinese-new-year-379967-01', 'flightClub': 'https://flightclub.com/all-pro-nitro-chinese-new-year-379967-01', 'stadiumGoods': ''}",All-Pro Nitro 'Chinese New Year',2024-01-12,2024,120,All-Pro Nitro,379967-01,
5f72b418-f809-43a8-acea-4367682e3188,Puma,Strong Grey/Black,65,youth,"{'360': [], 'original': 'https://image.goat.com/attachments/product_template_pictures/images/097/425/652/original/395557_03.png.png', 'small': 'https://image.goat.com/750/attachments/product_template_pictures/images/097/425/652/original/395557_03.png.png', 'thumbnail': 'https://image.goat.com/375/attachments/product_template_pictures/images/097/425/652/original/395557_03.png.png'}","{'stockX': '', 'goat': 'https://goat.com/sneakers/180-little-kid-strong-grey-black-395557-03', 'flightClub': 'https://flightclub.com/180-little-kid-strong-grey-black-395557-03', 'stadiumGoods': ''}",180 Little Kid 'Strong Grey Black',2024-01-11,2024,65,180,395557-03,
e641108e-495c-426a-abea-51c681ebd0ca,Puma,Black/White/Poison Pink/Bright Aqua/Silver Mist,240,women,"{'360': [], 'original': 'https://image.goat.com/attachments/product_template_pictures/images/097/425/539/original/107701_04.png.png', 'small': 'https://image.goat.com/750/attachments/product_template_pictures/images/097/425/539/original/107701_04.png.png', 'thumbnail': 'https://image.goat.com/375/attachments/product_template_pictures/images/097/425/539/original/107701_04.png.png'}","{'stockX': '', 'goat': 'https://goat.com/sneakers/wmns-future-ultimate-7-fg-ag-phenomenal-pack-black-107701-04', 'flightClub': 'https://flightclub.com/wmns-future-ultimate-7-fg-ag-phenomenal-pack-black-107701-04', 'stadiumGoods': ''}",Wmns Future Ultimate 7 FG AG 'Phenomenal Pack - Black',2024-01-11,2024,240,Future Ultimate,107701-04,
03121ca9-72fc-4307-9b1a-42a6bec6b048,Puma,Sugared Almond/Brown Mushroom/Active Red,110,women,"{'360': [], 'original': 'https://image.goat.com/attachments/product_template_pictures/images/096/992/063/original/377855_12.png.png', 'small': 'https://image.goat.com/750/attachments/product_template_pictures/images/096/992/063/original/377855_12.png.png', 'thumbnail': 'https://image.goat.com/375/attachments/product_template_pictures/images/096/992/063/original/377855_12.png.png'}","{'stockX': '', 'goat': 'https://goat.com/sneakers/wmns-explore-nitro-seasons-sugared-almond-377855-12', 'flightClub': 'https://flightclub.com/wmns-explore-nitro-seasons-sugared-almond-377855-12', 'stadiumGoods': ''}",Wmns Explore Nitro 'Seasons - Sugared Almond',2024-01-10,2024,110,Explore Nitro,377855-12,
044afcf3-af48-4abf-b4b9-4f758d59f234,Puma,Black/Black/White,40,men,"{'360': [], 'original': 'https://image.goat.com/attachments/product_template_pictures/images/096/992/093/original/395431_01.png.png', 'small': 'https://image.goat.com/750/attachments/product_template_pictures/images/096/992/093/original/395431_01.png.png', 'thumbnail': 'https://image.goat.com/375/attachments/product_template_pictures/images/096/992/093/original/395431_01.png.png'}","{'stockX': '', 'goat': 'https://goat.com/sneakers/softride-pro-24-v-slide-black-white-395431-01', 'flightClub': 'https://flightclub.com/softride-pro-24-v-slide-black-white-395431-01', 'stadiumGoods': ''}",Softride Pro 24 V Slide 'Black White',2024-01-10,2024,40,Softride Pro Slide,395431-01,
0595ae1e-9efe-449d-8c28-ab1bc01291a3,Puma,Clementine/Frosted Ivory,80,men,"{'360': [], 'original': 'https://image.goat.com/attachments/product_template_pictures/images/096/992/091/original/392435_09.png.png', 'small': 'https://image.goat.com/750/attachments/product_template_pictures/images/096/992/091/original/392435_09.png.png', 'thumbnail': 'https://image.goat.com/375/attachments/product_template_pictures/images/096/992/091/original/392435_09.png.png'}","{'stockX': '', 'goat': 'https://goat.com/sneakers/capri-royale-clementine-frosted-ivory-392435-09', 'flightClub': 'https://flightclub.com/capri-royale-clementine-frosted-ivory-392435-09', 'stadiumGoods': ''}",Capri Royale 'Clementine Frosted Ivory',2024-01-10,2024,80,Capri,392435-09,
0aedf08b-2903-462d-83e8-2add89f67c2a,Puma,White/Vine/Ginger Tea,90,men,"{'360': [], 'original': 'https://image.goat.com/attachments/product_template_pictures/images/096/992/085/original/386759_11.png.png', 'small': 'https://image.goat.com/750/attachments/product_template_pictures/images/096/992/085/original/386759_11.png.png', 'thumbnail': 'https://image.goat.com/375/attachments/product_template_pictures/images/096/992/085/original/386759_11.png.png'}","{'stockX': '', 'goat': 'https://goat.com/sneakers/ca-pro-mid-white-vine-386759-11', 'flightClub': '', 'stadiumGoods': ''}",CA Pro Mid 'White Vine',2024-01-10,2024,90,CA Pro,386759-11,
0b179bc8-459d-4005-adf2-ec745baf4999,Puma,Vine/Warm White,255,men,"{'360': [], 'original': 'https://image.goat.com/attachments/product_template_pictures/images/096/992/088/original/391962_10.png.png', 'small': 'https://image.goat.com/750/attachments/product_template_pictures/images/096/992/088/original/391962_10.png.png', 'thumbnail': 'https://image.goat.com/375/attachments/product_template_pictures/images/096/992/088/original/391962_10.png.png'}","{'stockX': '', 'goat': 'https://goat.com/sneakers/clyde-vine-warm-white-391962-10', 'flightClub': 'https://flightclub.com/clyde-vine-warm-white-391962-10', 'stadiumGoods': ''}",Clyde OG 'Vine Warm White',2024-01-10,2024,110,Clyde,391962-10,
0fbffda1-13c4-427b-b17b-bf9283a0a642,Puma,Black/Turquoise Surf,75,men,"{'360': [], 'original': 'https://image.goat.com/attachments/product_template_pictures/images/096/992/096/original/395737_01.png.png', 'small': 'https://image.goat.com/750/attachments/product_template_pictures/images/096/992/096/original/395737_01.png.png', 'thumbnail': 'https://image.goat.com/375/attachments/product_template_pictures/images/096/992/096/original/395737_01.png.png'}","{'stockX': '', 'goat': 'https://goat.com/sneakers/suede-brand-love-2-black-395737-01', 'flightClub': 'https://flightclub.com/suede-brand-love-2-black-395737-01', 'stadiumGoods': ''}",Suede 'Brand Love 2 - Black',2024-01-10,2024,75,Suede,395737-01,
11482b4b-6bb1-4b25-8df2-0a52d2f0d9ad,Puma,White/Rosso Corsa,100,men,"{'360': [], 'original': 'https://image.goat.com/attachments/product_template_pictures/images/096/992/049/original/307889_04.png.png', 'small': 'https://image.goat.com/750/attachments/product_template_pictures/images/096/992/049/original/307889_04.png.png', 'thumbnail': 'https://image.goat.com/375/attachments/product_template_pictures/images/096/992/049/original/307889_04.png.png'}","{'stockX': '', 'goat': 'https://goat.com/sneakers/scuderia-ferrari-x-future-cat-og-white-rosso-corsa-307889-04', 'flightClub': '', 'stadiumGoods': ''}",Scuderia Ferrari x Future Cat OG 'White Rosso Corsa',2024-01-10,2024,100,Future Cat,307889-04,
19004fe3-2491-40bf-830d-70060d795ac4,Puma,Cool Light Grey/Smokey Grey,120,women,"{'360': [], 'original': 'https://image.goat.com/attachments/product_template_pictures/images/096/992/106/original/395997_02.png.png', 'small': 'https://image.goat.com/750/attachments/product_template_pictures/images/096/992/106/original/395997_02.png.png', 'thumbnail': 'https://image.goat.com/375/attachments/product_template_pictures/images/096/992/106/original/395997_02.png.png'}","{'stockX': '', 'goat': 'https://goat.com/sneakers/wmns-velophasis-retreat-yourself-cool-light-grey-395997-02', 'flightClub': 'https://flightclub.com/wmns-velophasis-retreat-yourself-cool-light-grey-395997-02', 'stadiumGoods': ''}",Wmns Velophasis 'Retreat Yourself - Cool Light Grey',2024-01-10,2024,120,Velophasis,395997-02,
1d446140-b487-4921-9cd5-69206b350aab,Puma,Clementine/Navy,267,men,"{'360': [], 'original': 'https://image.goat.com/attachments/product_template_pictures/images/096/992/086/original/391962_08.png.png', 'small': 'https://image.goat.com/750/attachments/product_template_pictures/images/096/992/086/original/391962_08.png.png', 'thumbnail': 'https://image.goat.com/375/attachments/product_template_pictures/images/096/992/086/original/391962_08.png.png'}","{'stockX': '', 'goat': 'https://goat.com/sneakers/clyde-clementine-navy-391962-08', 'flightClub': 'https://flightclub.com/clyde-clementine-navy-391962-08', 'stadiumGoods': ''}",Clyde OG 'Clementine Navy',2024-01-10,2024,110,Clyde,391962-08,
24c68759-31ac-4c15-b26c-02d0bd92a8f7,Puma,Cool Light Grey/Vapor Grey,185,women,"{'360': [], 'original': 'https://image.goat.com/attachments/product_template_pictures/images/096/992/103/original/395975_02.png.png', 'small': 'https://image.goat.com/750/attachments/product_template_pictures/images/096/992/103/original/395975_02.png.png', 'thumbnail': 'https://image.goat.com/375/attachments/product_template_pictures/images/096/992/103/original/395975_02.png.png'}","{'stockX': '', 'goat': 'https://goat.com/sneakers/wmns-blacktop-rider-retreat-yourself-395975-02', 'flightClub': 'https://flightclub.com/wmns-blacktop-rider-retreat-yourself-395975-02', 'stadiumGoods': ''}",Wmns Blacktop Rider 'Retreat Yourself',2024-01-10,2024,90,Blacktop Rider,395975-02,
2e45df28-a299-4d30-b80d-b3e0327408f7,Puma,White/Sheen Green,195,men,"{'360': [], 'original': 'https://image.goat.com/attachments/product_template_pictures/images/096/992/043/original/307544_03.png.png', 'small': 'https://image.goat.com/750/attachments/product_template_pictures/images/096/992/043/original/307544_03.png.png', 'thumbnail': 'https://image.goat.com/375/attachments/product_template_pictures/images/096/992/043/original/307544_03.png.png'}","{'stockX': '', 'goat': 'https://goat.com/sneakers/mercedes-amg-petronas-f1-x-carbon-cat-mid-white-sheen-green-307544-03', 'flightClub': 'https://flightclub.com/mercedes-amg-petronas-f1-x-carbon-cat-mid-white-sheen-green-307544-03', 'stadiumGoods': ''}",Mercedes-AMG Petronas F1 x Carbon Cat Mid 'White Sheen Green',2024-01-10,2024,130,Carbon Cat,307544-03,
31849fd0-e5fd-457e-a4c4-1a5f04476c7f,Puma,Black/Black/Gold,119,men,"{'360': [], 'original': 'https://image.goat.com/attachments/product_template_pictures/images/096/992/058/original/374923_30.png.png', 'small': 'https://image.goat.com/750/attachments/product_template_pictures/images/096/992/058/original/374923_30.png.png', 'thumbnail': 'https://image.goat.com/375/attachments/product_template_pictures/images/096/992/058/original/374923_30.png.png'}","{'stockX': '', 'goat': 'https://goat.com/sneakers/basket-classic-21-black-gold-gum-374923-30', 'flightClub': 'https://flightclub.com/basket-classic-21-black-gold-gum-374923-30', 'stadiumGoods': ''}",Basket Classic 21 'Black Gold Gum',2024-01-10,2024,75,Basket,374923-30,
321998b8-0457-4c24-aeb5-3faa40e41f46,Puma,Black/Sheen Green,158,men,"{'360': [], 'original': 'https://image.goat.com/attachments/product_template_pictures/images/096/992/053/original/308155_01.png.png', 'small': 'https://image.goat.com/750/attachments/product_template_pictures/images/096/992/053/original/308155_01.png.png', 'thumbnail': 'https://image.goat.com/375/attachments/product_template_pictures/images/096/992/053/original/308155_01.png.png'}","{'stockX': '', 'goat': 'https://goat.com/sneakers/mercedes-amg-petronas-f1-x-future-cat-black-sheen-green-308155-01', 'flightClub': 'https://flightclub.com/mercedes-amg-petronas-f1-x-future-cat-black-sheen-green-308155-01', 'stadiumGoods': ''}",Mercedes-AMG Petronas F1 x Future Cat 'Black Sheen Green',2024-01-10,2024,100,Future Cat,308155-01,
5330d451-7859-4510-ba4c-a91e5809f1cd,Puma,Mineral Grey/Active Red/Lime Pow,140,women,"{'360': [], 'original': 'https://image.goat.com/attachments/product_template_pictures/images/096/992/059/original/377746_08.png.png', 'small': 'https://image.goat.com/750/attachments/product_template_pictures/images/096/992/059/original/377746_08.png.png', 'thumbnail': 'https://image.goat.com/375/attachments/product_template_pictures/images/096/992/059/original/377746_08.png.png'}","{'stockX': '', 'goat': 'https://goat.com/sneakers/wmns-voyage-nitro-3-seasons-mineral-grey-377746-08', 'flightClub': 'https://flightclub.com/wmns-voyage-nitro-3-seasons-mineral-grey-377746-08', 'stadiumGoods': ''}",Wmns Voyage Nitro 3 'Seasons - Mineral Grey',2024-01-10,2024,140,Voyage Nitro,377746-08,
56007cec-9e60-4558-80be-14d58d2ff734,Puma,White/Black,213,men,"{'360': [], 'original': 'https://image.goat.com/attachments/product_template_pictures/images/096/992/080/original/379081_06.png.png', 'small': 'https://image.goat.com/750/attachments/product_template_pictures/images/096/992/080/original/379081_06.png.png', 'thumbnail': 'https://image.goat.com/375/attachments/product_template_pictures/images/096/992/080/original/379081_06.png.png'}","{'stockX': '', 'goat': 'https://goat.com/sneakers/all-pro-nitro-team-white-black-379081-06', 'flightClub': 'https://flightclub.com/all-pro-nitro-team-white-black-379081-06', 'stadiumGoods': ''}",All-Pro Nitro Team 'White Black',2024-01-10,2024,130,All-Pro Nitro,379081-06,
5bd24ee9-bda0-4401-9886-ccb082dbae48,Puma,Poison Pink/White/Black,342,women,"{'360': [], 'original': 'https://image.goat.com/attachments/product_template_pictures/images/096/992/025/original/107767_01.png.png', 'small': 'https://image.goat.com/750/attachments/product_template_pictures/images/096/992/025/original/107767_01.png.png', 'thumbnail': 'https://image.goat.com/375/attachments/product_template_pictures/images/096/992/025/original/107767_01.png.png'}","{'stockX': '', 'goat': 'https://goat.com/sneakers/wmns-ultra-ultimate-fg-ag-phenomenal-pack-107767-01', 'flightClub': 'https://flightclub.com/wmns-ultra-ultimate-fg-ag-phenomenal-pack-107767-01', 'stadiumGoods': ''}",Wmns Ultra Ultimate FG AG 'Phenomenal Pack',2024-01-10,2024,220,Ultra Ultimate,107767-01,
5e5e22de-9ab1-4b14-b251-d6b47093f9c6,Puma,Frosted Ivory/Clementine,148,men,"{'360': [], 'original': 'https://image.goat.com/attachments/product_template_pictures/images/096/992/087/original/391962_09.png.png', 'small': 'https://image.goat.com/750/attachments/product_template_pictures/images/096/992/087/original/391962_09.png.png', 'thumbnail': 'https://image.goat.com/375/attachments/product_template_pictures/images/096/992/087/original/391962_09.png.png'}","{'stockX': '', 'goat': 'https://goat.com/sneakers/clyde-og-frosted-ivory-clementine-391962-09', 'flightClub': 'https://flightclub.com/clyde-og-frosted-ivory-clementine-391962-09', 'stadiumGoods': ''}",Clyde OG 'Frosted Ivory Clementine',2024-01-10,2024,110,Clyde,391962-09,
61372096-2acc-4b99-a696-d461b84d9875,Puma,White/Black,120,women,"{'360': [], 'original': 'https://image.goat.com/attachments/product_template_pictures/images/096/992/082/original/379559_01.png.png', 'small': 'https://image.goat.com/750/attachments/product_template_pictures/images/096/992/082/original/379559_01.png.png', 'thumbnail': 'https://image.goat.com/375/attachments/product_template_pictures/images/096/992/082/original/379559_01.png.png'}","{'stockX': '', 'goat': 'https://goat.com/sneakers/wmns-fuse-3-0-white-black-379559-01', 'flightClub': 'https://flightclub.com/wmns-fuse-3-0-white-black-379559-01', 'stadiumGoods': ''}",Wmns Fuse 3.0 'White Black',2024-01-10,2024,120,Fuse,379559-01,
64034a3b-1144-4773-ba30-8c8788ccd149,Puma,New Navy/Warm White,174,men,"{'360': [], 'original': 'https://image.goat.com/attachments/product_template_pictures/images/096/992/100/original/395762_01.png.png', 'small': 'https://image.goat.com/750/attachments/product_template_pictures/images/096/992/100/original/395762_01.png.png', 'thumbnail': 'https://image.goat.com/375/attachments/product_template_pictures/images/096/992/100/original/395762_01.png.png'}","{'stockX': '', 'goat': 'https://goat.com/sneakers/180-sashiko-395762-01', 'flightClub': 'https://flightclub.com/180-sashiko-395762-01', 'stadiumGoods': ''}",180 'Sashiko',2024-01-10,2024,100,180,395762-01,
6435a583-0db3-4fa1-850d-eac6264dfa85,Puma,For All Time Red/White,40,men,"{'360': [], 'original': 'https://image.goat.com/attachments/product_template_pictures/images/096/992/095/original/395431_04.png.png', 'small': 'https://image.goat.com/750/attachments/product_template_pictures/images/096/992/095/original/395431_04.png.png', 'thumbnail': 'https://image.goat.com/375/attachments/product_template_pictures/images/096/992/095/original/395431_04.png.png'}","{'stockX': '', 'goat': 'https://goat.com/sneakers/softride-pro-24-v-slide-for-all-time-red-395431-04', 'flightClub': 'https://flightclub.com/softride-pro-24-v-slide-for-all-time-red-395431-04', 'stadiumGoods': ''}",Softride Pro 24 V Slide 'For All Time Red',2024-01-10,2024,40,Softride Pro Slide,395431-04,
68951ee1-545e-4bad-90e6-a5dc082a437f,Puma,Mineral Grey/Turquoise Surf/Sugared Almond,239,women,"{'360': [], 'original': 'https://image.goat.com/attachments/product_template_pictures/images/096/992/067/original/377859_07.png.png', 'small': 'https://image.goat.com/750/attachments/product_template_pictures/images/096/992/067/original/377859_07.png.png', 'thumbnail': 'https://image.goat.com/375/attachments/product_template_pictures/images/096/992/067/original/377859_07.png.png'}","{'stockX': '', 'goat': 'https://goat.com/sneakers/wmns-explore-nitro-mid-mineral-grey-turquoise-surf-377859-07', 'flightClub': 'https://flightclub.com/wmns-explore-nitro-mid-mineral-grey-turquoise-surf-377859-07', 'stadiumGoods': ''}",Wmns Explore Nitro Mid 'Mineral Grey Turquoise Surf',2024-01-10,2024,130,Explore Nitro,377859-07,
71026976-a8a5-41c2-82d6-39e93faa4dda,Puma,Black/White,217,women,"{'360': [], 'original': 'https://image.goat.com/attachments/product_template_pictures/images/096/992/081/original/379085_02.png.png', 'small': 'https://image.goat.com/750/attachments/product_template_pictures/images/096/992/081/original/379085_02.png.png', 'thumbnail': 'https://image.goat.com/375/attachments/product_template_pictures/images/096/992/081/original/379085_02.png.png'}","{'stockX': '', 'goat': 'https://goat.com/sneakers/wmns-electrify-nitro-3-knit-black-white-379085-02', 'flightClub': 'https://flightclub.com/wmns-electrify-nitro-3-knit-black-white-379085-02', 'stadiumGoods': ''}",Wmns Electrify Nitro 3 Knit 'Black White',2024-01-10,2024,110,Electrify Nitro,379085-02,
733379a2-085a-4123-9c14-2a50938f9c24,Puma,Black/Active Red/Silver Mist,110,women,"{'360': [], 'original': 'https://image.goat.com/attachments/product_template_pictures/images/096/992/062/original/377855_10.png.png', 'small': 'https://image.goat.com/750/attachments/product_template_pictures/images/096/992/062/original/377855_10.png.png', 'thumbnail': 'https://image.goat.com/375/attachments/product_template_pictures/images/096/992/062/original/377855_10.png.png'}","{'stockX': '', 'goat': 'https://goat.com/sneakers/wmns-explore-nitro-seasons-black-active-red-377855-10', 'flightClub': 'https://flightclub.com/wmns-explore-nitro-seasons-black-active-red-377855-10', 'stadiumGoods': ''}",Wmns Explore Nitro 'Seasons - Black Active Red',2024-01-10,2024,110,Explore Nitro,377855-10,
8094ae87-30ca-41dc-b9a5-4941faff6947,Puma,White/Rosebay/Sugared Almond,90,women,"{'360': [], 'original': 'https://image.goat.com/attachments/product_template_pictures/images/096/992/107/original/397647_04.png.png', 'small': 'https://image.goat.com/750/attachments/product_template_pictures/images/096/992/107/original/397647_04.png.png', 'thumbnail': 'https://image.goat.com/375/attachments/product_template_pictures/images/096/992/107/original/397647_04.png.png'}","{'stockX': '', 'goat': 'https://goat.com/sneakers/wmns-palermo-white-rosebay-397647-04', 'flightClub': 'https://flightclub.com/wmns-palermo-white-rosebay-397647-04', 'stadiumGoods': ''}",Wmns Palermo 'White Rosebay',2024-01-10,2024,90,Palermo,397647-04,
85cf148c-3532-49fe-9eb4-47797b29d32f,Puma,Black/Rosso Corsa,100,men,"{'360': [], 'original': 'https://image.goat.com/attachments/product_template_pictures/images/096/992/048/original/307889_03.png.png', 'small': 'https://image.goat.com/750/attachments/product_template_pictures/images/096/992/048/original/307889_03.png.png', 'thumbnail': 'https://image.goat.com/375/attachments/product_template_pictures/images/096/992/048/original/307889_03.png.png'}","{'stockX': '', 'goat': 'https://goat.com/sneakers/scuderia-ferrari-x-future-cat-og-black-rosso-corsa-307889-03', 'flightClub': 'https://flightclub.com/scuderia-ferrari-x-future-cat-og-black-rosso-corsa-307889-03', 'stadiumGoods': ''}",Scuderia Ferrari x Future Cat OG 'Black Rosso Corsa',2024-01-10,2024,100,Future Cat,307889-03,
8bf31b44-f9e3-46f3-8a32-1cce53093e29,Puma,Black/Silver,209,women,"{'360': [], 'original': 'https://image.goat.com/attachments/product_template_pictures/images/096/992/069/original/378456_01.png.png', 'small': 'https://image.goat.com/750/attachments/product_template_pictures/images/096/992/069/original/378456_01.png.png', 'thumbnail': 'https://image.goat.com/375/attachments/product_template_pictures/images/096/992/069/original/378456_01.png.png'}","{'stockX': '', 'goat': 'https://goat.com/sneakers/wmns-electrify-nitro-3-black-silver-378456-01', 'flightClub': 'https://flightclub.com/wmns-electrify-nitro-3-black-silver-378456-01', 'stadiumGoods': ''}",Wmns Electrify Nitro 3 'Black Silver',2024-01-10,2024,100,Electrify Nitro,378456-01,
91af84fa-3298-4438-8a3c-a13e9a810de0,Puma,Warm White/Warm White,194,men,"{'360': [], 'original': 'https://image.goat.com/attachments/product_template_pictures/images/096/992/099/original/395746_04.png.png', 'small': 'https://image.goat.com/750/attachments/product_template_pictures/images/096/992/099/original/395746_04.png.png', 'thumbnail': 'https://image.goat.com/375/attachments/product_template_pictures/images/096/992/099/original/395746_04.png.png'}","{'stockX': '', 'goat': 'https://goat.com/sneakers/capri-royale-mid-warm-white-395746-04', 'flightClub': 'https://flightclub.com/capri-royale-mid-warm-white-395746-04', 'stadiumGoods': ''}",Capri Royale Mid 'Warm White',2024-01-10,2024,90,Capri,395746-04,
923c1f2e-6998-4c8a-a1ba-4ce97c306f5b,Puma,White/Black/Lime Pow,120,women,"{'360': [], 'original': 'https://image.goat.com/attachments/product_template_pictures/images/096/992/076/original/378688_08.png.png', 'small': 'https://image.goat.com/750/attachments/product_template_pictures/images/096/992/076/original/378688_08.png.png', 'thumbnail': 'https://image.goat.com/375/attachments/product_template_pictures/images/096/992/076/original/378688_08.png.png'}","{'stockX': '', 'goat': 'https://goat.com/sneakers/wmns-pwr-xx-nitro-squared-white-lime-pow-378688-08', 'flightClub': 'https://flightclub.com/wmns-pwr-xx-nitro-squared-white-lime-pow-378688-08', 'stadiumGoods': ''}",Wmns PWR XX Nitro Squared 'White Lime Pow',2024-01-10,2024,120,PWR XX Nitro,378688-08,
9862972d-ed1e-4c4c-9d6e-b9dde047f523,Puma,Poison Pink/Black,150,women,"{'360': [], 'original': 'https://image.goat.com/attachments/product_template_pictures/images/096/992/061/original/377758_16.png.png', 'small': 'https://image.goat.com/750/attachments/product_template_pictures/images/096/992/061/original/377758_16.png.png', 'thumbnail': 'https://image.goat.com/375/attachments/product_template_pictures/images/096/992/061/original/377758_16.png.png'}","{'stockX': '', 'goat': 'https://goat.com/sneakers/wmns-foreverrun-nitro-poison-pink-377758-16', 'flightClub': 'https://flightclub.com/wmns-foreverrun-nitro-poison-pink-377758-16', 'stadiumGoods': ''}",Wmns ForeverRun Nitro 'Poison Pink',2024-01-10,2024,150,ForeverRun Nitro,377758-16,
9f557e72-e319-4595-8d38-1096d8682669,Puma,White/Vapor Grey,65,youth,"{'360': [], 'original': 'https://image.goat.com/attachments/product_template_pictures/images/097/425/658/original/396600_01.png.png', 'small': 'https://image.goat.com/750/attachments/product_template_pictures/images/097/425/658/original/396600_01.png.png', 'thumbnail': 'https://image.goat.com/375/attachments/product_template_pictures/images/097/425/658/original/396600_01.png.png'}","{'stockX': '', 'goat': 'https://goat.com/sneakers/ca-pro-lux-3-big-kid-white-vapor-grey-396600-01', 'flightClub': 'https://flightclub.com/ca-pro-lux-3-big-kid-white-vapor-grey-396600-01', 'stadiumGoods': ''}",CA Pro Lux 3 Big Kid 'White Vapor Grey',2024-01-10,2024,65,CA Pro,396600-01,
aaaf4364-8885-499e-9af0-2af8b3ca913b,Puma,Chocolate/Chocolate/Gold,197,men,"{'360': [], 'original': 'https://image.goat.com/attachments/product_template_pictures/images/096/992/057/original/374923_29.png.png', 'small': 'https://image.goat.com/750/attachments/product_template_pictures/images/096/992/057/original/374923_29.png.png', 'thumbnail': 'https://image.goat.com/375/attachments/product_template_pictures/images/096/992/057/original/374923_29.png.png'}","{'stockX': '', 'goat': 'https://goat.com/sneakers/basket-classic-21-chocolate-gold-374923-29', 'flightClub': 'https://flightclub.com/basket-classic-21-chocolate-gold-374923-29', 'stadiumGoods': ''}",Basket Classic 21 'Chocolate Gold',2024-01-10,2024,75,Basket,374923-29,
ac113f33-b8a8-4a8b-9077-b86e74eee35d,Puma,White/Black/Poison Pink,306,women,"{'360': [], 'original': 'https://image.goat.com/attachments/product_template_pictures/images/097/103/368/original/107701_01.png.png', 'small': 'https://image.goat.com/750/attachments/product_template_pictures/images/097/103/368/original/107701_01.png.png', 'thumbnail': 'https://image.goat.com/375/attachments/product_template_pictures/images/097/103/368/original/107701_01.png.png'}","{'stockX': '', 'goat': 'https://goat.com/sneakers/wmns-future-ultimate-7-fg-ag-phenomenal-pack-107701-01', 'flightClub': 'https://flightclub.com/wmns-future-ultimate-7-fg-ag-phenomenal-pack-107701-01', 'stadiumGoods': ''}",Wmns Future Ultimate 7 FG AG 'Phenomenal Pack',2024-01-10,2024,240,Future Ultimate,107701-01,
bb9cd165-2ca1-41c0-b07f-5db539d1524a,Puma,New Navy/Warm White,127,men,"{'360': [], 'original': 'https://image.goat.com/attachments/product_template_pictures/images/096/992/089/original/392435_01.png.png', 'small': 'https://image.goat.com/750/attachments/product_template_pictures/images/096/992/089/original/392435_01.png.png', 'thumbnail': 'https://image.goat.com/375/attachments/product_template_pictures/images/096/992/089/original/392435_01.png.png'}","{'stockX': '', 'goat': 'https://goat.com/sneakers/capri-royale-new-navy-warm-white-392435-01', 'flightClub': 'https://flightclub.com/capri-royale-new-navy-warm-white-392435-01', 'stadiumGoods': ''}",Capri Royale 'New Navy Warm White',2024-01-10,2024,80,Capri,392435-01,
c0893f49-c16f-4b25-a4f9-170c83e866aa,Puma,White/Active Red/Black,80,men,"{'360': [], 'original': 'https://image.goat.com/attachments/product_template_pictures/images/096/992/092/original/392724_11.png.png', 'small': 'https://image.goat.com/750/attachments/product_template_pictures/images/096/992/092/original/392724_11.png.png', 'thumbnail': 'https://image.goat.com/375/attachments/product_template_pictures/images/096/992/092/original/392724_11.png.png'}","{'stockX': '', 'goat': 'https://goat.com/sneakers/morphic-white-active-red-392724-11', 'flightClub': '', 'stadiumGoods': ''}",Morphic 'White Active Red',2024-01-10,2024,80,Morphic,392724-11,
d25a4eda-323d-4c29-8640-208217cf85db,Puma,Neon Sun/Alpine Snow/Black,120,women,"{'360': [], 'original': 'https://image.goat.com/attachments/product_template_pictures/images/096/992/044/original/307685_04.png.png', 'small': 'https://image.goat.com/750/attachments/product_template_pictures/images/096/992/044/original/307685_04.png.png', 'thumbnail': 'https://image.goat.com/375/attachments/product_template_pictures/images/096/992/044/original/307685_04.png.png'}","{'stockX': '', 'goat': 'https://goat.com/sneakers/wmns-fast-trac-nitro-2-seasons-neon-sun-307685-04', 'flightClub': 'https://flightclub.com/wmns-fast-trac-nitro-2-seasons-neon-sun-307685-04', 'stadiumGoods': ''}",Wmns Fast-Trac Nitro 2 'Seasons - Neon Sun',2024-01-10,2024,120,Fast-Trac Nitro,307685-04,
d4aa3dc4-35de-4932-b303-23589bbf7fa6,Puma,White/Black,74,men,"{'360': [], 'original': 'https://image.goat.com/attachments/product_template_pictures/images/096/992/102/original/395920_02.png.png', 'small': 'https://image.goat.com/750/attachments/product_template_pictures/images/096/992/102/original/395920_02.png.png', 'thumbnail': 'https://image.goat.com/375/attachments/product_template_pictures/images/096/992/102/original/395920_02.png.png'}","{'stockX': '', 'goat': 'https://goat.com/sneakers/morphic-retro-white-black-395920-02', 'flightClub': 'https://flightclub.com/morphic-retro-white-black-395920-02', 'stadiumGoods': ''}",Morphic Retro 'White Black',2024-01-10,2024,90,Morphic,395920-02,
d6da9a87-8fa3-4b51-b778-3807512cf783,Puma,Black/Peach Smoothie/Speed Green,100,women,"{'360': [], 'original': 'https://image.goat.com/attachments/product_template_pictures/images/096/992/070/original/378456_03.png.png', 'small': 'https://image.goat.com/750/attachments/product_template_pictures/images/096/992/070/original/378456_03.png.png', 'thumbnail': 'https://image.goat.com/375/attachments/product_template_pictures/images/096/992/070/original/378456_03.png.png'}","{'stockX': '', 'goat': 'https://goat.com/sneakers/wmns-electrify-nitro-3-black-peach-smoothie-378456-03', 'flightClub': 'https://flightclub.com/wmns-electrify-nitro-3-black-peach-smoothie-378456-03', 'stadiumGoods': ''}",Wmns Electrify Nitro 3 'Black Peach Smoothie',2024-01-10,2024,100,Electrify Nitro,378456-03,
ddff7374-b7e4-4a20-aaa0-e52f4a970767,Puma,Alpine Snow/Prairie Tan/Ginger Tea,228,men,"{'360': [], 'original': 'https://image.goat.com/attachments/product_template_pictures/images/096/992/101/original/395768_01.png.png', 'small': 'https://image.goat.com/750/attachments/product_template_pictures/images/096/992/101/original/395768_01.png.png', 'thumbnail': 'https://image.goat.com/375/attachments/product_template_pictures/images/096/992/101/original/395768_01.png.png'}","{'stockX': '', 'goat': 'https://goat.com/sneakers/ca-pro-sport-for-the-fanbase-395768-01', 'flightClub': 'https://flightclub.com/ca-pro-sport-for-the-fanbase-395768-01', 'stadiumGoods': ''}",CA Pro 'Sport for the Fanbase',2024-01-10,2024,120,CA Pro,395768-01,
dfed5db0-6b28-48d1-824a-9a51883f0c9e,Puma,White/Warm White,122,men,"{'360': [], 'original': 'https://image.goat.com/attachments/product_template_pictures/images/096/992/090/original/392435_06.png.png', 'small': 'https://image.goat.com/750/attachments/product_template_pictures/images/096/992/090/original/392435_06.png.png', 'thumbnail': 'https://image.goat.com/375/attachments/product_template_pictures/images/096/992/090/original/392435_06.png.png'}","{'stockX': '', 'goat': 'https://goat.com/sneakers/capri-royale-white-warm-white-392435-06', 'flightClub': 'https://flightclub.com/capri-royale-white-warm-white-392435-06', 'stadiumGoods': ''}",Capri Royale 'White Warm White',2024-01-10,2024,80,Capri,392435-06,
ec823be0-3ab3-46a0-bc8d-d5b7e5c68c58,Puma,Flat Dark Grey/Warm White,194,men,"{'360': [], 'original': 'https://image.goat.com/attachments/product_template_pictures/images/096/992/097/original/395746_01.png.png', 'small': 'https://image.goat.com/750/attachments/product_template_pictures/images/096/992/097/original/395746_01.png.png', 'thumbnail': 'https://image.goat.com/375/attachments/product_template_pictures/images/096/992/097/original/395746_01.png.png'}","{'stockX': '', 'goat': 'https://goat.com/sneakers/capri-royale-mid-flat-dark-grey-395746-01', 'flightClub': 'https://flightclub.com/capri-royale-mid-flat-dark-grey-395746-01', 'stadiumGoods': ''}",Capri Royale Mid 'Flat Dark Grey',2024-01-10,2024,90,Capri,395746-01,
ee635d05-b420-4490-8b6d-c608f67c3a6b,Puma,Black/Silver/Ravish,239,women,"{'360': [], 'original': 'https://image.goat.com/attachments/product_template_pictures/images/096/992/064/original/377859_01.png.png', 'small': 'https://image.goat.com/750/attachments/product_template_pictures/images/096/992/064/original/377859_01.png.png', 'thumbnail': 'https://image.goat.com/375/attachments/product_template_pictures/images/096/992/064/original/377859_01.png.png'}","{'stockX': '', 'goat': 'https://goat.com/sneakers/wmns-explore-nitro-mid-black-ravish-377859-01', 'flightClub': 'https://flightclub.com/wmns-explore-nitro-mid-black-ravish-377859-01', 'stadiumGoods': ''}",Wmns Explore Nitro Mid 'Black Ravish',2024-01-10,2024,130,Explore Nitro,377859-01,
ee6435b9-4394-4493-9a35-d1cc3e55eedb,Puma,Active Red/Passionfruit/Mineral Grey,120,women,"{'360': [], 'original': 'https://image.goat.com/attachments/product_template_pictures/images/096/992/046/original/307685_07.png.png', 'small': 'https://image.goat.com/750/attachments/product_template_pictures/images/096/992/046/original/307685_07.png.png', 'thumbnail': 'https://image.goat.com/375/attachments/product_template_pictures/images/096/992/046/original/307685_07.png.png'}","{'stockX': '', 'goat': 'https://goat.com/sneakers/wmns-fast-trac-nitro-2-seasons-active-red-307685-07', 'flightClub': 'https://flightclub.com/wmns-fast-trac-nitro-2-seasons-active-red-307685-07', 'stadiumGoods': ''}",Wmns Fast-Trac Nitro 2 'Seasons - Active Red',2024-01-10,2024,120,Fast-Trac Nitro,307685-07,
f69965ec-32c1-415d-ab40-3e6287bda405,Puma,Fire Orchid/Ultra Blue,100,women,"{'360': [], 'original': 'https://image.goat.com/attachments/product_template_pictures/images/096/992/072/original/378456_05.png.png', 'small': 'https://image.goat.com/750/attachments/product_template_pictures/images/096/992/072/original/378456_05.png.png', 'thumbnail': 'https://image.goat.com/375/attachments/product_template_pictures/images/096/992/072/original/378456_05.png.png'}","{'stockX': '', 'goat': 'https://goat.com/sneakers/wmns-electrify-nitro-3-fire-orchid-ultra-blue-378456-05', 'flightClub': 'https://flightclub.com/wmns-electrify-nitro-3-fire-orchid-ultra-blue-378456-05', 'stadiumGoods': ''}",Wmns Electrify Nitro 3 'Fire Orchid Ultra Blue',2024-01-10,2024,100,Electrify Nitro,378456-05,
f78dc39d-b77f-48b8-ae51-89761595f743,Puma,Fast Red/White/Dark Night,100,men,"{'360': [], 'original': 'https://image.goat.com/attachments/product_template_pictures/images/096/992/051/original/307936_06.png.png', 'small': 'https://image.goat.com/750/attachments/product_template_pictures/images/096/992/051/original/307936_06.png.png', 'thumbnail': 'https://image.goat.com/375/attachments/product_template_pictures/images/096/992/051/original/307936_06.png.png'}","{'stockX': '', 'goat': 'https://goat.com/sneakers/sparco-x-future-cat-og-fast-red-dark-night-307936-06', 'flightClub': 'https://flightclub.com/sparco-x-future-cat-og-fast-red-dark-night-307936-06', 'stadiumGoods': ''}",Sparco x Future Cat OG 'Fast Red Dark Night',2024-01-10,2024,100,Future Cat,307936-06,
fc1ca0e7-9b90-4ec2-b2b8-bee610704a0a,Puma,Lime Pow/Black/Poison Pink,100,women,"{'360': [], 'original': 'https://image.goat.com/attachments/product_template_pictures/images/096/992/074/original/378456_08.png.png', 'small': 'https://image.goat.com/750/attachments/product_template_pictures/images/096/992/074/original/378456_08.png.png', 'thumbnail': 'https://image.goat.com/375/attachments/product_template_pictures/images/096/992/074/original/378456_08.png.png'}","{'stockX': '', 'goat': 'https://goat.com/sneakers/wmns-electrify-nitro-3-lime-pow-poison-pink-378456-08', 'flightClub': 'https://flightclub.com/wmns-electrify-nitro-3-lime-pow-poison-pink-378456-08', 'stadiumGoods': ''}",Wmns Electrify Nitro 3 'Lime Pow Poison Pink',2024-01-10,2024,100,Electrify Nitro,378456-08,
fcd4c1bd-ffa0-47ff-b53b-20663507e771,Puma,Black/Active Red/Lime Pow,120,women,"{'360': [], 'original': 'https://image.goat.com/attachments/product_template_pictures/images/096/992/045/original/307685_06.png.png', 'small': 'https://image.goat.com/750/attachments/product_template_pictures/images/096/992/045/original/307685_06.png.png', 'thumbnail': 'https://image.goat.com/375/attachments/product_template_pictures/images/096/992/045/original/307685_06.png.png'}","{'stockX': '', 'goat': 'https://goat.com/sneakers/wmns-fast-trac-nitro-2-seasons-black-307685-06', 'flightClub': 'https://flightclub.com/wmns-fast-trac-nitro-2-seasons-black-307685-06', 'stadiumGoods': ''}",Wmns Fast-Trac Nitro 2 'Seasons - Black',2024-01-10,2024,120,Fast-Trac Nitro,307685-06,
1ef24000-5a3f-48f8-a93b-01ba9695ff3f,Puma,Rosso Corsa/Black,154,men,"{'360': [], 'original': 'https://image.goat.com/attachments/product_template_pictures/images/096/992/052/original/308060_02.png.png', 'small': 'https://image.goat.com/750/attachments/product_template_pictures/images/096/992/052/original/308060_02.png.png', 'thumbnail': 'https://image.goat.com/375/attachments/product_template_pictures/images/096/992/052/original/308060_02.png.png'}","{'stockX': '', 'goat': 'https://goat.com/sneakers/scuderia-ferrari-x-speedfusion-2-0-rosso-corsa-308060-02', 'flightClub': 'https://flightclub.com/scuderia-ferrari-x-speedfusion-2-0-rosso-corsa-308060-02', 'stadiumGoods': ''}",Scuderia Ferrari x SpeedFusion 2.0 'Rosso Corsa',2024-01-09,2024,100,SpeedFusion,308060-02,
4aa856c3-7512-41f3-8c1a-44214ff14ca3,Puma,White/Silver,45,youth,"{'360': [], 'original': 'https://image.goat.com/attachments/product_template_pictures/images/097/425/610/original/384885_01.png.png', 'small': 'https://image.goat.com/750/attachments/product_template_pictures/images/097/425/610/original/384885_01.png.png', 'thumbnail': 'https://image.goat.com/375/attachments/product_template_pictures/images/097/425/610/original/384885_01.png.png'}","{'stockX': '', 'goat': 'https://goat.com/sneakers/multiflex-little-kid-glitz-formstrip-384885-01', 'flightClub': 'https://flightclub.com/multiflex-little-kid-glitz-formstrip-384885-01', 'stadiumGoods': ''}",Multiflex Little Kid 'Glitz Formstrip',2024-01-09,2024,45,Multiflex,384885-01,
4f4b7a7a-cec0-4a27-9faf-4a7e0d17bd2f,Puma,Sun Stream/Sunset Glow/Black,342,men,"{'360': [], 'original': 'https://image.goat.com/attachments/product_template_pictures/images/096/962/333/original/380002_01.png.png', 'small': 'https://image.goat.com/750/attachments/product_template_pictures/images/096/962/333/original/380002_01.png.png', 'thumbnail': 'https://image.goat.com/375/attachments/product_template_pictures/images/096/962/333/original/380002_01.png.png'}","{'stockX': '', 'goat': 'https://goat.com/sneakers/evospeed-sprint-nitro-2-sun-stream-black-380002-01', 'flightClub': 'https://flightclub.com/evospeed-sprint-nitro-2-sun-stream-black-380002-01', 'stadiumGoods': ''}",evoSpeed Sprint Nitro 2 'Sun Stream Black',2024-01-09,2024,250,evoSpeed,380002-01,
4f5cc1c8-7e02-4d9d-beda-7b825c1b327b,Puma,White/Electric Lime,194,men,"{'360': [], 'original': 'https://image.goat.com/attachments/product_template_pictures/images/096/962/340/original/397321_01.png.png', 'small': 'https://image.goat.com/750/attachments/product_template_pictures/images/096/962/340/original/397321_01.png.png', 'thumbnail': 'https://image.goat.com/375/attachments/product_template_pictures/images/096/962/340/original/397321_01.png.png'}","{'stockX': '', 'goat': 'https://goat.com/sneakers/blacktop-rider-vibrant-397321-01', 'flightClub': 'https://flightclub.com/blacktop-rider-vibrant-397321-01', 'stadiumGoods': ''}",Blacktop Rider 'Vibrant',2024-01-09,2024,90,Blacktop Rider,397321-01,
7e168531-9bed-4be9-afc0-1e819c4c5048,Puma,White/Ocean Tropic/Lime Pow,120,men,"{'360': [], 'original': 'https://image.goat.com/attachments/product_template_pictures/images/096/962/332/original/377315_11.png.png', 'small': 'https://image.goat.com/750/attachments/product_template_pictures/images/096/962/332/original/377315_11.png.png', 'thumbnail': 'https://image.goat.com/375/attachments/product_template_pictures/images/096/962/332/original/377315_11.png.png'}","{'stockX': '', 'goat': 'https://goat.com/sneakers/liberate-nitro-2-white-ocean-tropic-377315-11', 'flightClub': 'https://flightclub.com/liberate-nitro-2-white-ocean-tropic-377315-11', 'stadiumGoods': ''}",Liberate Nitro 2 'White Ocean Tropic',2024-01-09,2024,120,Liberate Nitro,377315-11,
c4c0ff96-a479-4c2c-800e-daf8513013ee,Puma,Sun Stream/Sunset Glow/Black,260,men,"{'360': [], 'original': 'https://image.goat.com/attachments/product_template_pictures/images/096/962/335/original/380022_01.png.png', 'small': 'https://image.goat.com/750/attachments/product_template_pictures/images/096/962/335/original/380022_01.png.png', 'thumbnail': 'https://image.goat.com/375/attachments/product_template_pictures/images/096/962/335/original/380022_01.png.png'}","{'stockX': '', 'goat': 'https://goat.com/sneakers/evospeed-brush-6-sun-stream-black-380022-01', 'flightClub': 'https://flightclub.com/evospeed-brush-6-sun-stream-black-380022-01', 'stadiumGoods': ''}",evoSpeed Brush 6 'Sun Stream Black',2024-01-09,2024,160,evoSpeed,380022-01,
cfd67016-461d-473e-8996-29c0f40d368f,Puma,Dark Cheddar/Bright Aqua/Gold,130,men,"{'360': [], 'original': 'https://image.goat.com/attachments/product_template_pictures/images/096/962/339/original/396463_13.png.png', 'small': 'https://image.goat.com/750/attachments/product_template_pictures/images/096/962/339/original/396463_13.png.png', 'thumbnail': 'https://image.goat.com/375/attachments/product_template_pictures/images/096/962/339/original/396463_13.png.png'}","{'stockX': '', 'goat': 'https://goat.com/sneakers/palermo-dark-cheddar-bright-aqua-396463-13', 'flightClub': 'https://flightclub.com/palermo-dark-cheddar-bright-aqua-396463-13', 'stadiumGoods': ''}",Palermo 'Dark Cheddar Bright Aqua',2024-01-09,2024,90,Palermo,396463-13,
7dd4d909-5d3d-4c2f-81ca-75486237fa2d,Puma,Black/Turquoise Surf,120,women,"{'360': [], 'original': 'https://image.goat.com/attachments/product_template_pictures/images/096/763/907/original/379559_02.png.png', 'small': 'https://image.goat.com/750/attachments/product_template_pictures/images/096/763/907/original/379559_02.png.png', 'thumbnail': 'https://image.goat.com/375/attachments/product_template_pictures/images/096/763/907/original/379559_02.png.png'}","{'stockX': '', 'goat': 'https://goat.com/sneakers/wmns-fuse-3-0-black-turquoise-surf-379559-02', 'flightClub': 'https://flightclub.com/wmns-fuse-3-0-black-turquoise-surf-379559-02', 'stadiumGoods': ''}",Wmns Fuse 3.0 'Black Turquoise Surf',2024-01-08,2024,120,Fuse,379559-02,
eca9db02-63b4-4427-829f-0f98367db21c,Puma,Black/Teak/Lime Pow,120,men,"{'360': [], 'original': 'https://image.goat.com/attachments/product_template_pictures/images/096/763/906/original/378107_03.png.png', 'small': 'https://image.goat.com/750/attachments/product_template_pictures/images/096/763/906/original/378107_03.png.png', 'thumbnail': 'https://image.goat.com/375/attachments/product_template_pictures/images/096/763/906/original/378107_03.png.png'}","{'stockX': '', 'goat': 'https://goat.com/sneakers/fuse-3-0-black-teak-378107-03', 'flightClub': 'https://flightclub.com/fuse-3-0-black-teak-378107-03', 'stadiumGoods': ''}",Fuse 3.0 'Black Teak',2024-01-08,2024,120,Fuse,378107-03,
0529aeaf-db95-4100-92c0-f917f8ab921a,Puma,Silver Mist/Lime Pow/Black,120,men,"{'360': [], 'original': 'https://image.goat.com/attachments/product_template_pictures/images/096/964/465/original/378107_02.png.png', 'small': 'https://image.goat.com/750/attachments/product_template_pictures/images/096/964/465/original/378107_02.png.png', 'thumbnail': 'https://image.goat.com/375/attachments/product_template_pictures/images/096/964/465/original/378107_02.png.png'}","{'stockX': '', 'goat': 'https://goat.com/sneakers/fuse-3-0-silver-mist-lime-pow-378107-02', 'flightClub': 'https://flightclub.com/fuse-3-0-silver-mist-lime-pow-378107-02', 'stadiumGoods': ''}",Fuse 3.0 'Silver Mist Lime Pow',2024-01-07,2024,120,Fuse,378107-02,
0bef8dba-25c8-490d-93d3-5b1e3dff0b60,Puma,White/Black/Poison Pink,110,youth,"{'360': [], 'original': 'https://image.goat.com/attachments/product_template_pictures/images/097/425/543/original/107728_01.png.png', 'small': 'https://image.goat.com/750/attachments/product_template_pictures/images/097/425/543/original/107728_01.png.png', 'thumbnail': 'https://image.goat.com/375/attachments/product_template_pictures/images/097/425/543/original/107728_01.png.png'}","{'stockX': '', 'goat': 'https://goat.com/sneakers/future-pro-7-fg-ag-big-kid-phenomenal-pack-107728-01', 'flightClub': 'https://flightclub.com/future-pro-7-fg-ag-big-kid-phenomenal-pack-107728-01', 'stadiumGoods': ''}",Future Pro 7 FG AG Big Kid 'Phenomenal Pack',2024-01-07,2024,110,Future Pro,107728-01,
7cd908cc-7564-4b51-a49e-344a00d4ae4d,Puma,Black/Team Gold,90,men,"{'360': [], 'original': 'https://image.goat.com/attachments/product_template_pictures/images/096/964/470/original/386759_04.png.png', 'small': 'https://image.goat.com/750/attachments/product_template_pictures/images/096/964/470/original/386759_04.png.png', 'thumbnail': 'https://image.goat.com/375/attachments/product_template_pictures/images/096/964/470/original/386759_04.png.png'}","{'stockX': '', 'goat': 'https://goat.com/sneakers/ca-pro-mid-black-team-gold-386759-04', 'flightClub': 'https://flightclub.com/ca-pro-mid-black-team-gold-386759-04', 'stadiumGoods': ''}",CA Pro Mid 'Black Team Gold',2024-01-07,2024,90,CA Pro,386759-04,
de556009-def9-4b34-9412-c8b03a7b3800,Puma,Black/Frosted Ivory,112,men,"{'360': [], 'original': 'https://image.goat.com/attachments/product_template_pictures/images/097/009/519/original/1339798_00.png.png', 'small': 'https://image.goat.com/750/attachments/product_template_pictures/images/097/009/519/original/1339798_00.png.png', 'thumbnail': 'https://image.goat.com/375/attachments/product_template_pictures/images/097/009/519/original/1339798_00.png.png'}","{'stockX': 'https://stockx.com/puma-suede-xl-pleasures-black-frosted-ivory', 'goat': 'https://goat.com/sneakers/pleasures-x-suede-xl-black-frosted-ivory-396057-01', 'flightClub': 'https://flightclub.com/pleasures-x-suede-xl-black-frosted-ivory-396057-01', 'stadiumGoods': ''}",Puma Suede XL Pleasures Black Frosted Ivory,2024-01-06,2024,120,Suede,396057-01,
910e01e0-ce32-4186-a844-a4025ad76f1a,Puma,Frosted Ivory/Yellow,88,men,"{'360': [], 'original': 'https://image.goat.com/attachments/product_template_pictures/images/097/213/168/original/393219_02.png.png', 'small': 'https://image.goat.com/750/attachments/product_template_pictures/images/097/213/168/original/393219_02.png.png', 'thumbnail': 'https://image.goat.com/375/attachments/product_template_pictures/images/097/213/168/original/393219_02.png.png'}","{'stockX': '', 'goat': 'https://goat.com/sneakers/harris-tweed-x-suede-vintage-tartan-yellow-393219-02', 'flightClub': 'https://flightclub.com/harris-tweed-x-suede-vintage-tartan-yellow-393219-02', 'stadiumGoods': ''}",Harris Tweed x Suede Vintage 'Tartan - Yellow',2024-01-04,2024,100,Suede,393219-02,
bf5365ee-1916-4ad3-9c4d-02d0d2213f0a,Puma,Frosted Ivory/Red,166,men,"{'360': [], 'original': 'https://image.goat.com/attachments/product_template_pictures/images/097/213/167/original/393219_01.png.png', 'small': 'https://image.goat.com/750/attachments/product_template_pictures/images/097/213/167/original/393219_01.png.png', 'thumbnail': 'https://image.goat.com/375/attachments/product_template_pictures/images/097/213/167/original/393219_01.png.png'}","{'stockX': '', 'goat': 'https://goat.com/sneakers/harris-tweed-x-suede-vintage-tartan-red-393219-01', 'flightClub': 'https://flightclub.com/harris-tweed-x-suede-vintage-tartan-red-393219-01', 'stadiumGoods': ''}",Harris Tweed x Suede Vintage 'Tartan - Red',2024-01-04,2024,100,Suede,393219-01,
3368cd5a-f74a-4ac5-987f-b61d70208968,Puma,White/Black,65,youth,"{'360': [], 'original': 'https://image.goat.com/attachments/product_template_pictures/images/097/425/649/original/395557_02.png.png', 'small': 'https://image.goat.com/750/attachments/product_template_pictures/images/097/425/649/original/395557_02.png.png', 'thumbnail': 'https://image.goat.com/375/attachments/product_template_pictures/images/097/425/649/original/395557_02.png.png'}","{'stockX': '', 'goat': 'https://goat.com/sneakers/180-little-kid-white-black-395557-02', 'flightClub': 'https://flightclub.com/180-little-kid-white-black-395557-02', 'stadiumGoods': ''}",180 Little Kid 'White Black',2024-01-03,2024,65,180,395557-02,
0ae4a70a-8ef6-4eff-a350-f63131fd2838,Puma,Grape Mist/White/Green Illusion,45,infant,"{'360': [], 'original': 'https://image.goat.com/attachments/product_template_pictures/images/097/425/584/original/379764_04.png.png', 'small': 'https://image.goat.com/750/attachments/product_template_pictures/images/097/425/584/original/379764_04.png.png', 'thumbnail': 'https://image.goat.com/375/attachments/product_template_pictures/images/097/425/584/original/379764_04.png.png'}","{'stockX': '', 'goat': 'https://goat.com/sneakers/kruz-infant-grape-mist-379764-04', 'flightClub': '', 'stadiumGoods': ''}",Kruz Infant 'Grape Mist',2024-01-02,2024,45,Kruz Nitro,379764-04,
77013905-b287-4286-a823-816b57735bc7,Puma,For All Time Red/Black,45,infant,"{'360': [], 'original': 'https://image.goat.com/attachments/product_template_pictures/images/097/425/581/original/379764_01.png.png', 'small': 'https://image.goat.com/750/attachments/product_template_pictures/images/097/425/581/original/379764_01.png.png', 'thumbnail': 'https://image.goat.com/375/attachments/product_template_pictures/images/097/425/581/original/379764_01.png.png'}","{'stockX': '', 'goat': 'https://goat.com/sneakers/kruz-infant-for-all-time-red-379764-01', 'flightClub': 'https://flightclub.com/kruz-infant-for-all-time-red-379764-01', 'stadiumGoods': ''}",Kruz Infant 'For All Time Red',2024-01-02,2024,45,Kruz Nitro,379764-01,
7dcb3cd4-96b9-4459-93ba-e176d0d17da2,Puma,White/Turquoise Surf,75,youth,"{'360': [], 'original': 'https://image.goat.com/attachments/product_template_pictures/images/097/425/635/original/393803_04.png.png', 'small': 'https://image.goat.com/750/attachments/product_template_pictures/images/097/425/635/original/393803_04.png.png', 'thumbnail': 'https://image.goat.com/375/attachments/product_template_pictures/images/097/425/635/original/393803_04.png.png'}","{'stockX': '', 'goat': 'https://goat.com/sneakers/cali-court-match-big-kid-white-turquoise-surf-393803-04', 'flightClub': 'https://flightclub.com/cali-court-match-big-kid-white-turquoise-surf-393803-04', 'stadiumGoods': ''}",Cali Court Match Big Kid 'White Turquoise Surf',2024-01-02,2024,75,Cali,393803-04,
83602760-ddfc-4662-80bd-348dc4ae7d07,Puma,White/Warm White,75,youth,"{'360': [], 'original': 'https://image.goat.com/attachments/product_template_pictures/images/097/425/642/original/395380_01.png.png', 'small': 'https://image.goat.com/750/attachments/product_template_pictures/images/097/425/642/original/395380_01.png.png', 'thumbnail': 'https://image.goat.com/375/attachments/product_template_pictures/images/097/425/642/original/395380_01.png.png'}","{'stockX': '', 'goat': 'https://goat.com/sneakers/cali-court-match-big-kid-hearts-395380-01', 'flightClub': 'https://flightclub.com/cali-court-match-big-kid-hearts-395380-01', 'stadiumGoods': ''}",Cali Court Match Big Kid 'Hearts',2024-01-02,2024,75,Cali,395380-01,
8d58229f-a9e0-4053-8e47-080c25229658,Puma,Black/White,45,infant,"{'360': [], 'original': 'https://image.goat.com/attachments/product_template_pictures/images/097/425/582/original/379764_02.png.png', 'small': 'https://image.goat.com/750/attachments/product_template_pictures/images/097/425/582/original/379764_02.png.png', 'thumbnail': 'https://image.goat.com/375/attachments/product_template_pictures/images/097/425/582/original/379764_02.png.png'}","{'stockX': '', 'goat': 'https://goat.com/sneakers/kruz-infant-black-white-379764-02', 'flightClub': 'https://flightclub.com/kruz-infant-black-white-379764-02', 'stadiumGoods': ''}",Kruz Infant 'Black White',2024-01-02,2024,45,Kruz Nitro,379764-02,
9ab027cd-a807-4d6b-a9ee-b2e483c115c5,Puma,White/Pink Lilac,75,youth,"{'360': [], 'original': 'https://image.goat.com/attachments/product_template_pictures/images/097/425/633/original/393803_03.png.png', 'small': 'https://image.goat.com/750/attachments/product_template_pictures/images/097/425/633/original/393803_03.png.png', 'thumbnail': 'https://image.goat.com/375/attachments/product_template_pictures/images/097/425/633/original/393803_03.png.png'}","{'stockX': '', 'goat': 'https://goat.com/sneakers/cali-court-match-big-kid-white-pink-lilac-393803-03', 'flightClub': 'https://flightclub.com/cali-court-match-big-kid-white-pink-lilac-393803-03', 'stadiumGoods': ''}",Cali Court Match Big Kid 'White Pink Lilac',2024-01-02,2024,75,Cali,393803-03,
